nodes;coordX;coordY
0;0.6769722;47.3501859
1;0.6848996;47.4113744
2;0.6911951;47.3899513
3;0.6910313;47.389959
4;0.6916313;47.319959
