nodes;coordX;coordY
0;0.6769722;47.3501859
1;0.6848996;47.4113744
2;0.6911951;47.3899513
3;0.6910313;47.389959
4;0.677834;47.3502204
5;0.7355903;47.323585
6;0.735292;47.3237078
7;0.693936;47.3903291
8;0.4466725;47.3893001
9;0.6941836;47.3901161
10;0.7237828;47.3265081
11;0.6933637;47.3906297
