nodes;coordX;coordY
0;0.6769722;47.3501859
1;0.6848996;47.4113744
